UVM_Srcversion,Benchmark,Size_Arg,Approx_Input_GB,Run_ID,Time_ms,Bandwidth_GBs,Faults_Detected_Nsys,ExitCode
UNKNOWN,STREAM,134217728,0.54,1,92.37,17.44,Table Not Found,0
UNKNOWN,STREAM,134217728,0.54,2,91.43,17.62,Table Not Found,0
UNKNOWN,STREAM,134217728,0.54,3,92.08,17.49,Table Not Found,0
UNKNOWN,STREAM,134217728,0.54,4,90.93,17.71,Table Not Found,0
UNKNOWN,STREAM,134217728,0.54,5,92.01,17.50,Table Not Found,0
UNKNOWN,STREAM,134217728,0.54,6,91.92,17.52,Table Not Found,0
UNKNOWN,STREAM,134217728,0.54,7,91.58,17.59,Table Not Found,0
UNKNOWN,STREAM,134217728,0.54,8,88.64,18.17,Table Not Found,0
UNKNOWN,STREAM,134217728,0.54,9,87.13,18.49,Table Not Found,0
UNKNOWN,STREAM,134217728,0.54,10,87.72,18.36,Table Not Found,0
UNKNOWN,STREAM,134217728,0.54,11,88.41,18.22,Table Not Found,0
UNKNOWN,STREAM,134217728,0.54,12,87.88,18.33,Table Not Found,0
UNKNOWN,STREAM,134217728,0.54,13,88.00,18.30,Table Not Found,0
UNKNOWN,STREAM,134217728,0.54,14,88.82,18.13,Table Not Found,0
UNKNOWN,STREAM,134217728,0.54,15,88.07,18.29,Table Not Found,0
UNKNOWN,STREAM,134217728,0.54,16,86.39,18.64,Table Not Found,0
UNKNOWN,STREAM,134217728,0.54,17,88.05,18.29,Table Not Found,0
UNKNOWN,STREAM,134217728,0.54,18,87.34,18.44,Table Not Found,0
UNKNOWN,STREAM,134217728,0.54,19,92.41,17.43,Table Not Found,0
UNKNOWN,STREAM,134217728,0.54,20,88.09,18.28,Table Not Found,0
UNKNOWN,STREAM,134217728,0.54,21,87.72,18.36,Table Not Found,0
UNKNOWN,STREAM,134217728,0.54,22,89.14,18.07,Table Not Found,0
UNKNOWN,STREAM,134217728,0.54,23,87.91,18.32,Table Not Found,0
UNKNOWN,STREAM,134217728,0.54,24,89.21,18.05,Table Not Found,0
UNKNOWN,STREAM,134217728,0.54,25,88.13,18.28,Table Not Found,0
UNKNOWN,STREAM,134217728,0.54,26,90.23,17.85,Table Not Found,0
UNKNOWN,STREAM,134217728,0.54,27,89.69,17.96,Table Not Found,0
UNKNOWN,STREAM,134217728,0.54,28,88.13,18.28,Table Not Found,0
UNKNOWN,STREAM,134217728,0.54,29,89.82,17.93,Table Not Found,0
UNKNOWN,STREAM,134217728,0.54,30,92.50,17.41,Table Not Found,0
UNKNOWN,STREAM,134217728,0.54,31,88.06,18.29,Table Not Found,0
UNKNOWN,STREAM,134217728,0.54,32,87.82,18.34,Table Not Found,0
UNKNOWN,STREAM,134217728,0.54,33,86.66,18.59,Table Not Found,0
UNKNOWN,STREAM,134217728,0.54,34,86.98,18.52,Table Not Found,0
UNKNOWN,STREAM,134217728,0.54,35,86.08,18.71,Table Not Found,0
UNKNOWN,STREAM,134217728,0.54,36,88.50,18.20,Table Not Found,0
UNKNOWN,STREAM,134217728,0.54,37,87.26,18.46,Table Not Found,0
UNKNOWN,STREAM,134217728,0.54,38,86.94,18.53,Table Not Found,0
UNKNOWN,STREAM,134217728,0.54,39,90.20,17.86,Table Not Found,0
UNKNOWN,STREAM,134217728,0.54,40,86.73,18.57,Table Not Found,0
UNKNOWN,STREAM,134217728,0.54,41,90.76,17.75,Table Not Found,0
UNKNOWN,STREAM,134217728,0.54,42,86.88,18.54,Table Not Found,0
UNKNOWN,STREAM,134217728,0.54,43,88.06,18.29,Table Not Found,0
UNKNOWN,STREAM,134217728,0.54,44,88.01,18.30,Table Not Found,0
UNKNOWN,STREAM,134217728,0.54,45,86.53,18.61,Table Not Found,0
UNKNOWN,STREAM,134217728,0.54,46,86.82,18.55,Table Not Found,0
UNKNOWN,STREAM,134217728,0.54,47,89.31,18.03,Table Not Found,0
UNKNOWN,STREAM,134217728,0.54,48,91.92,17.52,Table Not Found,0
UNKNOWN,STREAM,134217728,0.54,49,86.75,18.57,Table Not Found,0
UNKNOWN,STREAM,134217728,0.54,50,87.74,18.36,Table Not Found,0
UNKNOWN,STREAM,268435456,1.07,1,174.92,18.41,Table Not Found,0
UNKNOWN,STREAM,268435456,1.07,2,178.24,18.07,Table Not Found,0
UNKNOWN,STREAM,268435456,1.07,3,179.18,17.98,Table Not Found,0
UNKNOWN,STREAM,268435456,1.07,4,174.73,18.44,Table Not Found,0
UNKNOWN,STREAM,268435456,1.07,5,176.88,18.21,Table Not Found,0
UNKNOWN,STREAM,268435456,1.07,6,176.72,18.23,Table Not Found,0
UNKNOWN,STREAM,268435456,1.07,7,178.76,18.02,Table Not Found,0
UNKNOWN,STREAM,268435456,1.07,8,175.84,18.32,Table Not Found,0
UNKNOWN,STREAM,268435456,1.07,9,178.72,18.02,Table Not Found,0
UNKNOWN,STREAM,268435456,1.07,10,179.98,17.90,Table Not Found,0
UNKNOWN,STREAM,268435456,1.07,11,174.35,18.48,Table Not Found,0
UNKNOWN,STREAM,268435456,1.07,12,174.72,18.44,Table Not Found,0
UNKNOWN,STREAM,268435456,1.07,13,174.26,18.49,Table Not Found,0
UNKNOWN,STREAM,268435456,1.07,14,175.78,18.33,Table Not Found,0
UNKNOWN,STREAM,268435456,1.07,15,173.44,18.57,Table Not Found,0
UNKNOWN,STREAM,268435456,1.07,16,177.58,18.14,Table Not Found,0
UNKNOWN,STREAM,268435456,1.07,17,175.17,18.39,Table Not Found,0
UNKNOWN,STREAM,268435456,1.07,18,175.83,18.32,Table Not Found,0
UNKNOWN,STREAM,268435456,1.07,19,179.33,17.96,Table Not Found,0
UNKNOWN,STREAM,268435456,1.07,20,173.62,18.55,Table Not Found,0
UNKNOWN,STREAM,268435456,1.07,21,176.68,18.23,Table Not Found,0
UNKNOWN,STREAM,268435456,1.07,22,174.48,18.46,Table Not Found,0
UNKNOWN,STREAM,268435456,1.07,23,175.41,18.36,Table Not Found,0
UNKNOWN,STREAM,268435456,1.07,24,174.34,18.48,Table Not Found,0
UNKNOWN,STREAM,268435456,1.07,25,175.38,18.37,Table Not Found,0
UNKNOWN,STREAM,268435456,1.07,26,177.27,18.17,Table Not Found,0
UNKNOWN,STREAM,268435456,1.07,27,176.31,18.27,Table Not Found,0
UNKNOWN,STREAM,268435456,1.07,28,176.93,18.21,Table Not Found,0
UNKNOWN,STREAM,268435456,1.07,29,177.54,18.14,Table Not Found,0
UNKNOWN,STREAM,268435456,1.07,30,176.25,18.28,Table Not Found,0
UNKNOWN,STREAM,268435456,1.07,31,173.86,18.53,Table Not Found,0
UNKNOWN,STREAM,268435456,1.07,32,177.45,18.15,Table Not Found,0
UNKNOWN,STREAM,268435456,1.07,33,175.97,18.31,Table Not Found,0
UNKNOWN,STREAM,268435456,1.07,34,172.76,18.65,Table Not Found,0
UNKNOWN,STREAM,268435456,1.07,35,175.32,18.37,Table Not Found,0
UNKNOWN,STREAM,268435456,1.07,36,173.63,18.55,Table Not Found,0
UNKNOWN,STREAM,268435456,1.07,37,175.27,18.38,Table Not Found,0
UNKNOWN,STREAM,268435456,1.07,38,178.97,18.00,Table Not Found,0
UNKNOWN,STREAM,268435456,1.07,39,180.87,17.81,Table Not Found,0
UNKNOWN,STREAM,268435456,1.07,40,173.89,18.52,Table Not Found,0
UNKNOWN,STREAM,268435456,1.07,41,175.67,18.34,Table Not Found,0
UNKNOWN,STREAM,268435456,1.07,42,176.62,18.24,Table Not Found,0
UNKNOWN,STREAM,268435456,1.07,43,179.60,17.94,Table Not Found,0
UNKNOWN,STREAM,268435456,1.07,44,175.03,18.40,Table Not Found,0
UNKNOWN,STREAM,268435456,1.07,45,176.09,18.29,Table Not Found,0
UNKNOWN,STREAM,268435456,1.07,46,181.08,17.79,Table Not Found,0
UNKNOWN,STREAM,268435456,1.07,47,175.96,18.31,Table Not Found,0
UNKNOWN,STREAM,268435456,1.07,48,177.34,18.16,Table Not Found,0
UNKNOWN,STREAM,268435456,1.07,49,173.69,18.55,Table Not Found,0
UNKNOWN,STREAM,268435456,1.07,50,179.62,17.93,Table Not Found,0
UNKNOWN,STREAM,536870912,2.15,1,361.37,17.83,Table Not Found,0
UNKNOWN,STREAM,536870912,2.15,2,349.10,18.45,Table Not Found,0
UNKNOWN,STREAM,536870912,2.15,3,348.60,18.48,Table Not Found,0
UNKNOWN,STREAM,536870912,2.15,4,357.30,18.03,Table Not Found,0
UNKNOWN,STREAM,536870912,2.15,5,359.80,17.91,Table Not Found,0
UNKNOWN,STREAM,536870912,2.15,6,361.32,17.83,Table Not Found,0
UNKNOWN,STREAM,536870912,2.15,7,348.66,18.48,Table Not Found,0
UNKNOWN,STREAM,536870912,2.15,8,346.79,18.58,Table Not Found,0
UNKNOWN,STREAM,536870912,2.15,9,346.28,18.60,Table Not Found,0
UNKNOWN,STREAM,536870912,2.15,10,348.75,18.47,Table Not Found,0
UNKNOWN,STREAM,536870912,2.15,11,347.75,18.53,Table Not Found,0
UNKNOWN,STREAM,536870912,2.15,12,348.27,18.50,Table Not Found,0
UNKNOWN,STREAM,536870912,2.15,13,346.48,18.59,Table Not Found,0
UNKNOWN,STREAM,536870912,2.15,14,355.66,18.11,Table Not Found,0
UNKNOWN,STREAM,536870912,2.15,15,347.69,18.53,Table Not Found,0
UNKNOWN,STREAM,536870912,2.15,16,347.86,18.52,Table Not Found,0
UNKNOWN,STREAM,536870912,2.15,17,348.97,18.46,Table Not Found,0
UNKNOWN,STREAM,536870912,2.15,18,350.37,18.39,Table Not Found,0
UNKNOWN,STREAM,536870912,2.15,19,345.99,18.62,Table Not Found,0
UNKNOWN,STREAM,536870912,2.15,20,346.48,18.59,Table Not Found,0
UNKNOWN,STREAM,536870912,2.15,21,348.26,18.50,Table Not Found,0
UNKNOWN,STREAM,536870912,2.15,22,351.37,18.34,Table Not Found,0
UNKNOWN,STREAM,536870912,2.15,23,345.35,18.65,Table Not Found,0
UNKNOWN,STREAM,536870912,2.15,24,350.67,18.37,Table Not Found,0
UNKNOWN,STREAM,536870912,2.15,25,346.86,18.57,Table Not Found,0
UNKNOWN,STREAM,536870912,2.15,26,353.84,18.21,Table Not Found,0
UNKNOWN,STREAM,536870912,2.15,27,346.17,18.61,Table Not Found,0
UNKNOWN,STREAM,536870912,2.15,28,347.40,18.54,Table Not Found,0
UNKNOWN,STREAM,536870912,2.15,29,346.69,18.58,Table Not Found,0
UNKNOWN,STREAM,536870912,2.15,30,349.15,18.45,Table Not Found,0
UNKNOWN,STREAM,536870912,2.15,31,347.47,18.54,Table Not Found,0
UNKNOWN,STREAM,536870912,2.15,32,347.45,18.54,Table Not Found,0
UNKNOWN,STREAM,536870912,2.15,33,346.58,18.59,Table Not Found,0
UNKNOWN,STREAM,536870912,2.15,34,346.83,18.58,Table Not Found,0
UNKNOWN,STREAM,536870912,2.15,35,347.30,18.55,Table Not Found,0
UNKNOWN,STREAM,536870912,2.15,36,350.71,18.37,Table Not Found,0
UNKNOWN,STREAM,536870912,2.15,37,348.02,18.51,Table Not Found,0
UNKNOWN,STREAM,536870912,2.15,38,350.92,18.36,Table Not Found,0
UNKNOWN,STREAM,536870912,2.15,39,350.38,18.39,Table Not Found,0
UNKNOWN,STREAM,536870912,2.15,40,350.01,18.41,Table Not Found,0
UNKNOWN,STREAM,536870912,2.15,41,353.57,18.22,Table Not Found,0
UNKNOWN,STREAM,536870912,2.15,42,351.28,18.34,Table Not Found,0
UNKNOWN,STREAM,536870912,2.15,43,358.21,17.99,Table Not Found,0
UNKNOWN,STREAM,536870912,2.15,44,348.11,18.51,Table Not Found,0
UNKNOWN,STREAM,536870912,2.15,45,348.08,18.51,Table Not Found,0
UNKNOWN,STREAM,536870912,2.15,46,349.44,18.44,Table Not Found,0
UNKNOWN,STREAM,536870912,2.15,47,349.51,18.43,Table Not Found,0
UNKNOWN,STREAM,536870912,2.15,48,348.74,18.47,Table Not Found,0
UNKNOWN,STREAM,536870912,2.15,49,351.97,18.30,Table Not Found,0
UNKNOWN,STREAM,536870912,2.15,50,346.40,18.60,Table Not Found,0
UNKNOWN,SGEMM,8192,0.27,1,154.49,N/A,Table Not Found,0
UNKNOWN,SGEMM,8192,0.27,2,154.26,N/A,Table Not Found,0
UNKNOWN,SGEMM,8192,0.27,3,153.05,N/A,Table Not Found,0
UNKNOWN,SGEMM,8192,0.27,4,153.74,N/A,Table Not Found,0
UNKNOWN,SGEMM,8192,0.27,5,154.59,N/A,Table Not Found,0
UNKNOWN,SGEMM,8192,0.27,6,153.10,N/A,Table Not Found,0
UNKNOWN,SGEMM,8192,0.27,7,151.72,N/A,Table Not Found,0
UNKNOWN,SGEMM,8192,0.27,8,153.82,N/A,Table Not Found,0
UNKNOWN,SGEMM,8192,0.27,9,154.27,N/A,Table Not Found,0
UNKNOWN,SGEMM,8192,0.27,10,151.73,N/A,Table Not Found,0
UNKNOWN,SGEMM,8192,0.27,11,150.95,N/A,Table Not Found,0
UNKNOWN,SGEMM,8192,0.27,12,151.81,N/A,Table Not Found,0
UNKNOWN,SGEMM,8192,0.27,13,155.61,N/A,Table Not Found,0
UNKNOWN,SGEMM,8192,0.27,14,154.86,N/A,Table Not Found,0
UNKNOWN,SGEMM,8192,0.27,15,153.43,N/A,Table Not Found,0
UNKNOWN,SGEMM,8192,0.27,16,155.03,N/A,Table Not Found,0
UNKNOWN,SGEMM,8192,0.27,17,154.54,N/A,Table Not Found,0
UNKNOWN,SGEMM,8192,0.27,18,152.98,N/A,Table Not Found,0
UNKNOWN,SGEMM,8192,0.27,19,153.29,N/A,Table Not Found,0
UNKNOWN,SGEMM,8192,0.27,20,152.64,N/A,Table Not Found,0
UNKNOWN,SGEMM,8192,0.27,21,153.78,N/A,Table Not Found,0
UNKNOWN,SGEMM,8192,0.27,22,154.71,N/A,Table Not Found,0
UNKNOWN,SGEMM,8192,0.27,23,154.03,N/A,Table Not Found,0
UNKNOWN,SGEMM,8192,0.27,24,155.27,N/A,Table Not Found,0
UNKNOWN,SGEMM,8192,0.27,25,154.67,N/A,Table Not Found,0
UNKNOWN,SGEMM,8192,0.27,26,152.79,N/A,Table Not Found,0
UNKNOWN,SGEMM,8192,0.27,27,155.35,N/A,Table Not Found,0
UNKNOWN,SGEMM,8192,0.27,28,155.22,N/A,Table Not Found,0
UNKNOWN,SGEMM,8192,0.27,29,154.51,N/A,Table Not Found,0
UNKNOWN,SGEMM,8192,0.27,30,152.74,N/A,Table Not Found,0
UNKNOWN,SGEMM,8192,0.27,31,153.39,N/A,Table Not Found,0
UNKNOWN,SGEMM,8192,0.27,32,153.78,N/A,Table Not Found,0
UNKNOWN,SGEMM,8192,0.27,33,152.48,N/A,Table Not Found,0
UNKNOWN,SGEMM,8192,0.27,34,154.87,N/A,Table Not Found,0
UNKNOWN,SGEMM,8192,0.27,35,155.38,N/A,Table Not Found,0
UNKNOWN,SGEMM,8192,0.27,36,152.75,N/A,Table Not Found,0
UNKNOWN,SGEMM,8192,0.27,37,154.93,N/A,Table Not Found,0
UNKNOWN,SGEMM,8192,0.27,38,158.00,N/A,Table Not Found,0
UNKNOWN,SGEMM,8192,0.27,39,155.72,N/A,Table Not Found,0
UNKNOWN,SGEMM,8192,0.27,40,154.75,N/A,Table Not Found,0
UNKNOWN,SGEMM,8192,0.27,41,152.40,N/A,Table Not Found,0
UNKNOWN,SGEMM,8192,0.27,42,154.82,N/A,Table Not Found,0
UNKNOWN,SGEMM,8192,0.27,43,155.40,N/A,Table Not Found,0
UNKNOWN,SGEMM,8192,0.27,44,155.58,N/A,Table Not Found,0
UNKNOWN,SGEMM,8192,0.27,45,154.96,N/A,Table Not Found,0
UNKNOWN,SGEMM,8192,0.27,46,152.72,N/A,Table Not Found,0
UNKNOWN,SGEMM,8192,0.27,47,153.00,N/A,Table Not Found,0
UNKNOWN,SGEMM,8192,0.27,48,157.76,N/A,Table Not Found,0
UNKNOWN,SGEMM,8192,0.27,49,154.21,N/A,Table Not Found,0
UNKNOWN,SGEMM,8192,0.27,50,152.43,N/A,Table Not Found,0
UNKNOWN,SGEMM,16384,1.07,1,1031.59,N/A,Table Not Found,0
UNKNOWN,SGEMM,16384,1.07,2,1029.55,N/A,Table Not Found,0
UNKNOWN,SGEMM,16384,1.07,3,1028.57,N/A,Table Not Found,0
UNKNOWN,SGEMM,16384,1.07,4,1027.19,N/A,Table Not Found,0
UNKNOWN,SGEMM,16384,1.07,5,1027.03,N/A,Table Not Found,0
UNKNOWN,SGEMM,16384,1.07,6,1025.90,N/A,Table Not Found,0
UNKNOWN,SGEMM,16384,1.07,7,1030.35,N/A,Table Not Found,0
UNKNOWN,SGEMM,16384,1.07,8,1029.41,N/A,Table Not Found,0
UNKNOWN,SGEMM,16384,1.07,9,1030.75,N/A,Table Not Found,0
UNKNOWN,SGEMM,16384,1.07,10,1029.67,N/A,Table Not Found,0
UNKNOWN,SGEMM,16384,1.07,11,1029.49,N/A,Table Not Found,0
UNKNOWN,SGEMM,16384,1.07,12,1026.24,N/A,Table Not Found,0
UNKNOWN,SGEMM,16384,1.07,13,1027.35,N/A,Table Not Found,0
UNKNOWN,SGEMM,16384,1.07,14,1027.68,N/A,Table Not Found,0
UNKNOWN,SGEMM,16384,1.07,15,1032.23,N/A,Table Not Found,0
UNKNOWN,SGEMM,16384,1.07,16,1032.61,N/A,Table Not Found,0
UNKNOWN,SGEMM,16384,1.07,17,1028.38,N/A,Table Not Found,0
UNKNOWN,SGEMM,16384,1.07,18,1027.89,N/A,Table Not Found,0
UNKNOWN,SGEMM,16384,1.07,19,1028.62,N/A,Table Not Found,0
UNKNOWN,SGEMM,16384,1.07,20,1026.87,N/A,Table Not Found,0
UNKNOWN,SGEMM,16384,1.07,21,1027.57,N/A,Table Not Found,0
UNKNOWN,SGEMM,16384,1.07,22,1028.33,N/A,Table Not Found,0
UNKNOWN,SGEMM,16384,1.07,23,1030.47,N/A,Table Not Found,0
UNKNOWN,SGEMM,16384,1.07,24,1029.98,N/A,Table Not Found,0
UNKNOWN,SGEMM,16384,1.07,25,1026.59,N/A,Table Not Found,0
UNKNOWN,SGEMM,16384,1.07,26,1028.35,N/A,Table Not Found,0
UNKNOWN,SGEMM,16384,1.07,27,1026.66,N/A,Table Not Found,0
UNKNOWN,SGEMM,16384,1.07,28,1030.46,N/A,Table Not Found,0
UNKNOWN,SGEMM,16384,1.07,29,1028.78,N/A,Table Not Found,0
UNKNOWN,SGEMM,16384,1.07,30,1028.25,N/A,Table Not Found,0
UNKNOWN,SGEMM,16384,1.07,31,1024.31,N/A,Table Not Found,0
UNKNOWN,SGEMM,16384,1.07,32,1028.92,N/A,Table Not Found,0
UNKNOWN,SGEMM,16384,1.07,33,1030.61,N/A,Table Not Found,0
UNKNOWN,SGEMM,16384,1.07,34,1028.47,N/A,Table Not Found,0
UNKNOWN,SGEMM,16384,1.07,35,1027.02,N/A,Table Not Found,0
UNKNOWN,SGEMM,16384,1.07,36,1026.47,N/A,Table Not Found,0
UNKNOWN,SGEMM,16384,1.07,37,1026.56,N/A,Table Not Found,0
UNKNOWN,SGEMM,16384,1.07,38,1030.15,N/A,Table Not Found,0
UNKNOWN,SGEMM,16384,1.07,39,1026.32,N/A,Table Not Found,0
UNKNOWN,SGEMM,16384,1.07,40,1031.31,N/A,Table Not Found,0
UNKNOWN,SGEMM,16384,1.07,41,1029.34,N/A,Table Not Found,0
UNKNOWN,SGEMM,16384,1.07,42,1031.62,N/A,Table Not Found,0
UNKNOWN,SGEMM,16384,1.07,43,1027.51,N/A,Table Not Found,0
UNKNOWN,SGEMM,16384,1.07,44,1031.44,N/A,Table Not Found,0
UNKNOWN,SGEMM,16384,1.07,45,1028.44,N/A,Table Not Found,0
UNKNOWN,SGEMM,16384,1.07,46,1032.74,N/A,Table Not Found,0
UNKNOWN,SGEMM,16384,1.07,47,1029.08,N/A,Table Not Found,0
UNKNOWN,SGEMM,16384,1.07,48,1031.37,N/A,Table Not Found,0
UNKNOWN,SGEMM,16384,1.07,49,1033.69,N/A,Table Not Found,0
UNKNOWN,SGEMM,16384,1.07,50,1030.54,N/A,Table Not Found,0
UNKNOWN,SGEMM,24000,2.30,1,3061.60,N/A,Table Not Found,0
UNKNOWN,SGEMM,24000,2.30,2,3060.19,N/A,Table Not Found,0
UNKNOWN,SGEMM,24000,2.30,3,3062.84,N/A,Table Not Found,0
UNKNOWN,SGEMM,24000,2.30,4,3070.28,N/A,Table Not Found,0
UNKNOWN,SGEMM,24000,2.30,5,3078.40,N/A,Table Not Found,0
UNKNOWN,SGEMM,24000,2.30,6,3074.25,N/A,Table Not Found,0
UNKNOWN,SGEMM,24000,2.30,7,3075.20,N/A,Table Not Found,0
UNKNOWN,SGEMM,24000,2.30,8,3073.36,N/A,Table Not Found,0
UNKNOWN,SGEMM,24000,2.30,9,3075.45,N/A,Table Not Found,0
UNKNOWN,SGEMM,24000,2.30,10,3076.68,N/A,Table Not Found,0
UNKNOWN,SGEMM,24000,2.30,11,3078.70,N/A,Table Not Found,0
UNKNOWN,SGEMM,24000,2.30,12,3076.66,N/A,Table Not Found,0
UNKNOWN,SGEMM,24000,2.30,13,3078.81,N/A,Table Not Found,0
UNKNOWN,SGEMM,24000,2.30,14,3079.75,N/A,Table Not Found,0
UNKNOWN,SGEMM,24000,2.30,15,3081.69,N/A,Table Not Found,0
UNKNOWN,SGEMM,24000,2.30,16,3078.17,N/A,Table Not Found,0
UNKNOWN,SGEMM,24000,2.30,17,3077.54,N/A,Table Not Found,0
UNKNOWN,SGEMM,24000,2.30,18,3081.53,N/A,Table Not Found,0
UNKNOWN,SGEMM,24000,2.30,19,3079.07,N/A,Table Not Found,0
UNKNOWN,SGEMM,24000,2.30,20,3078.16,N/A,Table Not Found,0
UNKNOWN,SGEMM,24000,2.30,21,3080.79,N/A,Table Not Found,0
UNKNOWN,SGEMM,24000,2.30,22,3076.29,N/A,Table Not Found,0
UNKNOWN,SGEMM,24000,2.30,23,3078.04,N/A,Table Not Found,0
UNKNOWN,SGEMM,24000,2.30,24,3074.27,N/A,Table Not Found,0
UNKNOWN,SGEMM,24000,2.30,25,3078.37,N/A,Table Not Found,0
UNKNOWN,SGEMM,24000,2.30,26,3076.72,N/A,Table Not Found,0
UNKNOWN,SGEMM,24000,2.30,27,3080.80,N/A,Table Not Found,0
UNKNOWN,SGEMM,24000,2.30,28,3079.44,N/A,Table Not Found,0
UNKNOWN,SGEMM,24000,2.30,29,3076.54,N/A,Table Not Found,0
UNKNOWN,SGEMM,24000,2.30,30,3079.13,N/A,Table Not Found,0
UNKNOWN,SGEMM,24000,2.30,31,3076.58,N/A,Table Not Found,0
UNKNOWN,SGEMM,24000,2.30,32,3081.06,N/A,Table Not Found,0
UNKNOWN,SGEMM,24000,2.30,33,3080.65,N/A,Table Not Found,0
UNKNOWN,SGEMM,24000,2.30,34,3080.34,N/A,Table Not Found,0
UNKNOWN,SGEMM,24000,2.30,35,3078.67,N/A,Table Not Found,0
UNKNOWN,SGEMM,24000,2.30,36,3081.05,N/A,Table Not Found,0
UNKNOWN,SGEMM,24000,2.30,37,3078.01,N/A,Table Not Found,0
UNKNOWN,SGEMM,24000,2.30,38,3079.85,N/A,Table Not Found,0
UNKNOWN,SGEMM,24000,2.30,39,3078.04,N/A,Table Not Found,0
UNKNOWN,SGEMM,24000,2.30,40,3077.82,N/A,Table Not Found,0
UNKNOWN,SGEMM,24000,2.30,41,3081.22,N/A,Table Not Found,0
UNKNOWN,SGEMM,24000,2.30,42,3079.72,N/A,Table Not Found,0
UNKNOWN,SGEMM,24000,2.30,43,3079.52,N/A,Table Not Found,0
UNKNOWN,SGEMM,24000,2.30,44,3080.86,N/A,Table Not Found,0
UNKNOWN,SGEMM,24000,2.30,45,3075.53,N/A,Table Not Found,0
UNKNOWN,SGEMM,24000,2.30,46,3079.83,N/A,Table Not Found,0
UNKNOWN,SGEMM,24000,2.30,47,3084.46,N/A,Table Not Found,0
UNKNOWN,SGEMM,24000,2.30,48,3079.39,N/A,Table Not Found,0
UNKNOWN,SGEMM,24000,2.30,49,3079.53,N/A,Table Not Found,0
UNKNOWN,SGEMM,24000,2.30,50,3079.74,N/A,Table Not Found,0
UNKNOWN,Stencil,8192,0.27,1,29.15,N/A,Table Not Found,0
UNKNOWN,Stencil,8192,0.27,2,28.73,N/A,Table Not Found,0
UNKNOWN,Stencil,8192,0.27,3,29.88,N/A,Table Not Found,0
UNKNOWN,Stencil,8192,0.27,4,28.58,N/A,Table Not Found,0
UNKNOWN,Stencil,8192,0.27,5,28.43,N/A,Table Not Found,0
UNKNOWN,Stencil,8192,0.27,6,28.48,N/A,Table Not Found,0
UNKNOWN,Stencil,8192,0.27,7,29.18,N/A,Table Not Found,0
UNKNOWN,Stencil,8192,0.27,8,28.84,N/A,Table Not Found,0
UNKNOWN,Stencil,8192,0.27,9,30.25,N/A,Table Not Found,0
UNKNOWN,Stencil,8192,0.27,10,30.43,N/A,Table Not Found,0
UNKNOWN,Stencil,8192,0.27,11,29.12,N/A,Table Not Found,0
UNKNOWN,Stencil,8192,0.27,12,28.22,N/A,Table Not Found,0
UNKNOWN,Stencil,8192,0.27,13,29.39,N/A,Table Not Found,0
UNKNOWN,Stencil,8192,0.27,14,29.44,N/A,Table Not Found,0
UNKNOWN,Stencil,8192,0.27,15,28.49,N/A,Table Not Found,0
UNKNOWN,Stencil,8192,0.27,16,30.08,N/A,Table Not Found,0
UNKNOWN,Stencil,8192,0.27,17,29.99,N/A,Table Not Found,0
UNKNOWN,Stencil,8192,0.27,18,28.71,N/A,Table Not Found,0
UNKNOWN,Stencil,8192,0.27,19,29.35,N/A,Table Not Found,0
UNKNOWN,Stencil,8192,0.27,20,29.75,N/A,Table Not Found,0
UNKNOWN,Stencil,8192,0.27,21,29.62,N/A,Table Not Found,0
UNKNOWN,Stencil,8192,0.27,22,28.43,N/A,Table Not Found,0
UNKNOWN,Stencil,8192,0.27,23,29.83,N/A,Table Not Found,0
UNKNOWN,Stencil,8192,0.27,24,29.53,N/A,Table Not Found,0
UNKNOWN,Stencil,8192,0.27,25,29.13,N/A,Table Not Found,0
UNKNOWN,Stencil,8192,0.27,26,29.01,N/A,Table Not Found,0
UNKNOWN,Stencil,8192,0.27,27,29.24,N/A,Table Not Found,0
UNKNOWN,Stencil,8192,0.27,28,28.61,N/A,Table Not Found,0
UNKNOWN,Stencil,8192,0.27,29,28.94,N/A,Table Not Found,0
UNKNOWN,Stencil,8192,0.27,30,28.78,N/A,Table Not Found,0
UNKNOWN,Stencil,8192,0.27,31,29.15,N/A,Table Not Found,0
UNKNOWN,Stencil,8192,0.27,32,29.56,N/A,Table Not Found,0
UNKNOWN,Stencil,8192,0.27,33,28.78,N/A,Table Not Found,0
UNKNOWN,Stencil,8192,0.27,34,28.72,N/A,Table Not Found,0
UNKNOWN,Stencil,8192,0.27,35,29.60,N/A,Table Not Found,0
UNKNOWN,Stencil,8192,0.27,36,29.91,N/A,Table Not Found,0
UNKNOWN,Stencil,8192,0.27,37,28.97,N/A,Table Not Found,0
UNKNOWN,Stencil,8192,0.27,38,30.33,N/A,Table Not Found,0
UNKNOWN,Stencil,8192,0.27,39,28.50,N/A,Table Not Found,0
UNKNOWN,Stencil,8192,0.27,40,28.64,N/A,Table Not Found,0
UNKNOWN,Stencil,8192,0.27,41,29.09,N/A,Table Not Found,0
UNKNOWN,Stencil,8192,0.27,42,30.29,N/A,Table Not Found,0
UNKNOWN,Stencil,8192,0.27,43,28.82,N/A,Table Not Found,0
UNKNOWN,Stencil,8192,0.27,44,30.40,N/A,Table Not Found,0
UNKNOWN,Stencil,8192,0.27,45,30.00,N/A,Table Not Found,0
UNKNOWN,Stencil,8192,0.27,46,29.31,N/A,Table Not Found,0
UNKNOWN,Stencil,8192,0.27,47,28.72,N/A,Table Not Found,0
UNKNOWN,Stencil,8192,0.27,48,30.24,N/A,Table Not Found,0
UNKNOWN,Stencil,8192,0.27,49,28.48,N/A,Table Not Found,0
UNKNOWN,Stencil,8192,0.27,50,29.91,N/A,Table Not Found,0
UNKNOWN,Stencil,16384,1.07,1,92.08,N/A,Table Not Found,0
UNKNOWN,Stencil,16384,1.07,2,90.25,N/A,Table Not Found,0
UNKNOWN,Stencil,16384,1.07,3,91.08,N/A,Table Not Found,0
UNKNOWN,Stencil,16384,1.07,4,93.42,N/A,Table Not Found,0
UNKNOWN,Stencil,16384,1.07,5,93.66,N/A,Table Not Found,0
UNKNOWN,Stencil,16384,1.07,6,91.93,N/A,Table Not Found,0
UNKNOWN,Stencil,16384,1.07,7,92.50,N/A,Table Not Found,0
UNKNOWN,Stencil,16384,1.07,8,93.20,N/A,Table Not Found,0
UNKNOWN,Stencil,16384,1.07,9,92.77,N/A,Table Not Found,0
UNKNOWN,Stencil,16384,1.07,10,91.79,N/A,Table Not Found,0
UNKNOWN,Stencil,16384,1.07,11,91.53,N/A,Table Not Found,0
UNKNOWN,Stencil,16384,1.07,12,91.81,N/A,Table Not Found,0
UNKNOWN,Stencil,16384,1.07,13,93.39,N/A,Table Not Found,0
UNKNOWN,Stencil,16384,1.07,14,91.61,N/A,Table Not Found,0
UNKNOWN,Stencil,16384,1.07,15,92.59,N/A,Table Not Found,0
UNKNOWN,Stencil,16384,1.07,16,90.30,N/A,Table Not Found,0
UNKNOWN,Stencil,16384,1.07,17,91.95,N/A,Table Not Found,0
UNKNOWN,Stencil,16384,1.07,18,91.64,N/A,Table Not Found,0
UNKNOWN,Stencil,16384,1.07,19,92.84,N/A,Table Not Found,0
UNKNOWN,Stencil,16384,1.07,20,91.74,N/A,Table Not Found,0
UNKNOWN,Stencil,16384,1.07,21,91.18,N/A,Table Not Found,0
UNKNOWN,Stencil,16384,1.07,22,90.70,N/A,Table Not Found,0
UNKNOWN,Stencil,16384,1.07,23,92.40,N/A,Table Not Found,0
UNKNOWN,Stencil,16384,1.07,24,90.57,N/A,Table Not Found,0
UNKNOWN,Stencil,16384,1.07,25,91.71,N/A,Table Not Found,0
UNKNOWN,Stencil,16384,1.07,26,91.93,N/A,Table Not Found,0
UNKNOWN,Stencil,16384,1.07,27,93.41,N/A,Table Not Found,0
UNKNOWN,Stencil,16384,1.07,28,91.21,N/A,Table Not Found,0
UNKNOWN,Stencil,16384,1.07,29,92.55,N/A,Table Not Found,0
UNKNOWN,Stencil,16384,1.07,30,92.06,N/A,Table Not Found,0
UNKNOWN,Stencil,16384,1.07,31,92.73,N/A,Table Not Found,0
UNKNOWN,Stencil,16384,1.07,32,91.89,N/A,Table Not Found,0
UNKNOWN,Stencil,16384,1.07,33,91.36,N/A,Table Not Found,0
UNKNOWN,Stencil,16384,1.07,34,92.03,N/A,Table Not Found,0
UNKNOWN,Stencil,16384,1.07,35,91.79,N/A,Table Not Found,0
UNKNOWN,Stencil,16384,1.07,36,91.16,N/A,Table Not Found,0
UNKNOWN,Stencil,16384,1.07,37,91.23,N/A,Table Not Found,0
UNKNOWN,Stencil,16384,1.07,38,91.32,N/A,Table Not Found,0
UNKNOWN,Stencil,16384,1.07,39,93.46,N/A,Table Not Found,0
UNKNOWN,Stencil,16384,1.07,40,89.82,N/A,Table Not Found,0
UNKNOWN,Stencil,16384,1.07,41,93.00,N/A,Table Not Found,0
UNKNOWN,Stencil,16384,1.07,42,90.76,N/A,Table Not Found,0
UNKNOWN,Stencil,16384,1.07,43,93.10,N/A,Table Not Found,0
UNKNOWN,Stencil,16384,1.07,44,92.07,N/A,Table Not Found,0
UNKNOWN,Stencil,16384,1.07,45,93.70,N/A,Table Not Found,0
UNKNOWN,Stencil,16384,1.07,46,91.51,N/A,Table Not Found,0
UNKNOWN,Stencil,16384,1.07,47,93.51,N/A,Table Not Found,0
UNKNOWN,Stencil,16384,1.07,48,92.86,N/A,Table Not Found,0
UNKNOWN,Stencil,16384,1.07,49,92.50,N/A,Table Not Found,0
UNKNOWN,Stencil,16384,1.07,50,93.78,N/A,Table Not Found,0
UNKNOWN,Stencil,24000,2.30,1,215.60,N/A,Table Not Found,0
UNKNOWN,Stencil,24000,2.30,2,213.08,N/A,Table Not Found,0
UNKNOWN,Stencil,24000,2.30,3,213.36,N/A,Table Not Found,0
UNKNOWN,Stencil,24000,2.30,4,212.02,N/A,Table Not Found,0
UNKNOWN,Stencil,24000,2.30,5,215.37,N/A,Table Not Found,0
UNKNOWN,Stencil,24000,2.30,6,214.92,N/A,Table Not Found,0
UNKNOWN,Stencil,24000,2.30,7,214.02,N/A,Table Not Found,0
UNKNOWN,Stencil,24000,2.30,8,216.05,N/A,Table Not Found,0
UNKNOWN,Stencil,24000,2.30,9,214.65,N/A,Table Not Found,0
UNKNOWN,Stencil,24000,2.30,10,213.81,N/A,Table Not Found,0
UNKNOWN,Stencil,24000,2.30,11,213.98,N/A,Table Not Found,0
UNKNOWN,Stencil,24000,2.30,12,213.68,N/A,Table Not Found,0
UNKNOWN,Stencil,24000,2.30,13,216.10,N/A,Table Not Found,0
UNKNOWN,Stencil,24000,2.30,14,214.45,N/A,Table Not Found,0
UNKNOWN,Stencil,24000,2.30,15,214.10,N/A,Table Not Found,0
UNKNOWN,Stencil,24000,2.30,16,217.69,N/A,Table Not Found,0
UNKNOWN,Stencil,24000,2.30,17,215.00,N/A,Table Not Found,0
UNKNOWN,Stencil,24000,2.30,18,216.58,N/A,Table Not Found,0
UNKNOWN,Stencil,24000,2.30,19,215.09,N/A,Table Not Found,0
UNKNOWN,Stencil,24000,2.30,20,213.92,N/A,Table Not Found,0
UNKNOWN,Stencil,24000,2.30,21,215.67,N/A,Table Not Found,0
UNKNOWN,Stencil,24000,2.30,22,214.20,N/A,Table Not Found,0
UNKNOWN,Stencil,24000,2.30,23,216.85,N/A,Table Not Found,0
UNKNOWN,Stencil,24000,2.30,24,213.49,N/A,Table Not Found,0
UNKNOWN,Stencil,24000,2.30,25,213.94,N/A,Table Not Found,0
UNKNOWN,Stencil,24000,2.30,26,214.48,N/A,Table Not Found,0
UNKNOWN,Stencil,24000,2.30,27,216.70,N/A,Table Not Found,0
UNKNOWN,Stencil,24000,2.30,28,216.37,N/A,Table Not Found,0
UNKNOWN,Stencil,24000,2.30,29,219.92,N/A,Table Not Found,0
UNKNOWN,Stencil,24000,2.30,30,214.49,N/A,Table Not Found,0
UNKNOWN,Stencil,24000,2.30,31,212.42,N/A,Table Not Found,0
UNKNOWN,Stencil,24000,2.30,32,216.11,N/A,Table Not Found,0
UNKNOWN,Stencil,24000,2.30,33,215.20,N/A,Table Not Found,0
UNKNOWN,Stencil,24000,2.30,34,215.71,N/A,Table Not Found,0
UNKNOWN,Stencil,24000,2.30,35,211.82,N/A,Table Not Found,0
UNKNOWN,Stencil,24000,2.30,36,215.35,N/A,Table Not Found,0
UNKNOWN,Stencil,24000,2.30,37,215.36,N/A,Table Not Found,0
UNKNOWN,Stencil,24000,2.30,38,216.31,N/A,Table Not Found,0
UNKNOWN,Stencil,24000,2.30,39,213.74,N/A,Table Not Found,0
UNKNOWN,Stencil,24000,2.30,40,212.86,N/A,Table Not Found,0
UNKNOWN,Stencil,24000,2.30,41,216.17,N/A,Table Not Found,0
UNKNOWN,Stencil,24000,2.30,42,215.72,N/A,Table Not Found,0
UNKNOWN,Stencil,24000,2.30,43,214.72,N/A,Table Not Found,0
UNKNOWN,Stencil,24000,2.30,44,215.39,N/A,Table Not Found,0
UNKNOWN,Stencil,24000,2.30,45,214.24,N/A,Table Not Found,0
UNKNOWN,Stencil,24000,2.30,46,214.59,N/A,Table Not Found,0
UNKNOWN,Stencil,24000,2.30,47,214.95,N/A,Table Not Found,0
UNKNOWN,Stencil,24000,2.30,48,214.71,N/A,Table Not Found,0
UNKNOWN,Stencil,24000,2.30,49,220.25,N/A,Table Not Found,0
UNKNOWN,Stencil,24000,2.30,50,218.60,N/A,Table Not Found,0
UNKNOWN,cuFFT,67108864,0.27,1,23.77,N/A,Table Not Found,0
UNKNOWN,cuFFT,67108864,0.27,2,23.99,N/A,Table Not Found,0
UNKNOWN,cuFFT,67108864,0.27,3,23.65,N/A,Table Not Found,0
UNKNOWN,cuFFT,67108864,0.27,4,24.13,N/A,Table Not Found,0
UNKNOWN,cuFFT,67108864,0.27,5,24.24,N/A,Table Not Found,0
UNKNOWN,cuFFT,67108864,0.27,6,24.66,N/A,Table Not Found,0
UNKNOWN,cuFFT,67108864,0.27,7,23.89,N/A,Table Not Found,0
UNKNOWN,cuFFT,67108864,0.27,8,22.82,N/A,Table Not Found,0
UNKNOWN,cuFFT,67108864,0.27,9,25.25,N/A,Table Not Found,0
UNKNOWN,cuFFT,67108864,0.27,10,22.49,N/A,Table Not Found,0
UNKNOWN,cuFFT,67108864,0.27,11,23.69,N/A,Table Not Found,0
UNKNOWN,cuFFT,67108864,0.27,12,22.98,N/A,Table Not Found,0
UNKNOWN,cuFFT,67108864,0.27,13,23.61,N/A,Table Not Found,0
UNKNOWN,cuFFT,67108864,0.27,14,22.36,N/A,Table Not Found,0
UNKNOWN,cuFFT,67108864,0.27,15,24.12,N/A,Table Not Found,0
UNKNOWN,cuFFT,67108864,0.27,16,23.77,N/A,Table Not Found,0
UNKNOWN,cuFFT,67108864,0.27,17,22.61,N/A,Table Not Found,0
UNKNOWN,cuFFT,67108864,0.27,18,22.92,N/A,Table Not Found,0
UNKNOWN,cuFFT,67108864,0.27,19,22.74,N/A,Table Not Found,0
UNKNOWN,cuFFT,67108864,0.27,20,22.95,N/A,Table Not Found,0
UNKNOWN,cuFFT,67108864,0.27,21,23.85,N/A,Table Not Found,0
UNKNOWN,cuFFT,67108864,0.27,22,23.22,N/A,Table Not Found,0
UNKNOWN,cuFFT,67108864,0.27,23,24.56,N/A,Table Not Found,0
UNKNOWN,cuFFT,67108864,0.27,24,23.50,N/A,Table Not Found,0
UNKNOWN,cuFFT,67108864,0.27,25,23.01,N/A,Table Not Found,0
UNKNOWN,cuFFT,67108864,0.27,26,22.76,N/A,Table Not Found,0
UNKNOWN,cuFFT,67108864,0.27,27,23.02,N/A,Table Not Found,0
UNKNOWN,cuFFT,67108864,0.27,28,24.52,N/A,Table Not Found,0
UNKNOWN,cuFFT,67108864,0.27,29,24.68,N/A,Table Not Found,0
UNKNOWN,cuFFT,67108864,0.27,30,23.76,N/A,Table Not Found,0
UNKNOWN,cuFFT,67108864,0.27,31,24.61,N/A,Table Not Found,0
UNKNOWN,cuFFT,67108864,0.27,32,24.28,N/A,Table Not Found,0
UNKNOWN,cuFFT,67108864,0.27,33,22.92,N/A,Table Not Found,0
UNKNOWN,cuFFT,67108864,0.27,34,25.14,N/A,Table Not Found,0
UNKNOWN,cuFFT,67108864,0.27,35,24.05,N/A,Table Not Found,0
UNKNOWN,cuFFT,67108864,0.27,36,22.37,N/A,Table Not Found,0
UNKNOWN,cuFFT,67108864,0.27,37,22.70,N/A,Table Not Found,0
UNKNOWN,cuFFT,67108864,0.27,38,23.39,N/A,Table Not Found,0
UNKNOWN,cuFFT,67108864,0.27,39,23.11,N/A,Table Not Found,0
UNKNOWN,cuFFT,67108864,0.27,40,22.86,N/A,Table Not Found,0
UNKNOWN,cuFFT,67108864,0.27,41,25.03,N/A,Table Not Found,0
UNKNOWN,cuFFT,67108864,0.27,42,22.49,N/A,Table Not Found,0
UNKNOWN,cuFFT,67108864,0.27,43,22.83,N/A,Table Not Found,0
UNKNOWN,cuFFT,67108864,0.27,44,23.70,N/A,Table Not Found,0
UNKNOWN,cuFFT,67108864,0.27,45,23.66,N/A,Table Not Found,0
UNKNOWN,cuFFT,67108864,0.27,46,23.42,N/A,Table Not Found,0
UNKNOWN,cuFFT,67108864,0.27,47,23.03,N/A,Table Not Found,0
UNKNOWN,cuFFT,67108864,0.27,48,23.54,N/A,Table Not Found,0
UNKNOWN,cuFFT,67108864,0.27,49,23.34,N/A,Table Not Found,0
UNKNOWN,cuFFT,67108864,0.27,50,23.86,N/A,Table Not Found,0
UNKNOWN,cuFFT,134217728,0.54,1,42.88,N/A,Table Not Found,0
UNKNOWN,cuFFT,134217728,0.54,2,44.21,N/A,Table Not Found,0
UNKNOWN,cuFFT,134217728,0.54,3,45.52,N/A,Table Not Found,0
UNKNOWN,cuFFT,134217728,0.54,4,44.92,N/A,Table Not Found,0
UNKNOWN,cuFFT,134217728,0.54,5,46.12,N/A,Table Not Found,0
UNKNOWN,cuFFT,134217728,0.54,6,43.10,N/A,Table Not Found,0
UNKNOWN,cuFFT,134217728,0.54,7,44.77,N/A,Table Not Found,0
UNKNOWN,cuFFT,134217728,0.54,8,46.06,N/A,Table Not Found,0
UNKNOWN,cuFFT,134217728,0.54,9,44.83,N/A,Table Not Found,0
UNKNOWN,cuFFT,134217728,0.54,10,42.17,N/A,Table Not Found,0
UNKNOWN,cuFFT,134217728,0.54,11,44.94,N/A,Table Not Found,0
UNKNOWN,cuFFT,134217728,0.54,12,44.14,N/A,Table Not Found,0
UNKNOWN,cuFFT,134217728,0.54,13,43.78,N/A,Table Not Found,0
UNKNOWN,cuFFT,134217728,0.54,14,44.64,N/A,Table Not Found,0
UNKNOWN,cuFFT,134217728,0.54,15,45.62,N/A,Table Not Found,0
UNKNOWN,cuFFT,134217728,0.54,16,45.76,N/A,Table Not Found,0
UNKNOWN,cuFFT,134217728,0.54,17,45.13,N/A,Table Not Found,0
UNKNOWN,cuFFT,134217728,0.54,18,45.00,N/A,Table Not Found,0
UNKNOWN,cuFFT,134217728,0.54,19,44.18,N/A,Table Not Found,0
UNKNOWN,cuFFT,134217728,0.54,20,44.77,N/A,Table Not Found,0
UNKNOWN,cuFFT,134217728,0.54,21,45.08,N/A,Table Not Found,0
UNKNOWN,cuFFT,134217728,0.54,22,45.95,N/A,Table Not Found,0
UNKNOWN,cuFFT,134217728,0.54,23,45.25,N/A,Table Not Found,0
UNKNOWN,cuFFT,134217728,0.54,24,44.28,N/A,Table Not Found,0
UNKNOWN,cuFFT,134217728,0.54,25,44.58,N/A,Table Not Found,0
UNKNOWN,cuFFT,134217728,0.54,26,45.17,N/A,Table Not Found,0
UNKNOWN,cuFFT,134217728,0.54,27,42.03,N/A,Table Not Found,0
UNKNOWN,cuFFT,134217728,0.54,28,45.51,N/A,Table Not Found,0
UNKNOWN,cuFFT,134217728,0.54,29,45.03,N/A,Table Not Found,0
UNKNOWN,cuFFT,134217728,0.54,30,42.10,N/A,Table Not Found,0
UNKNOWN,cuFFT,134217728,0.54,31,45.57,N/A,Table Not Found,0
UNKNOWN,cuFFT,134217728,0.54,32,47.26,N/A,Table Not Found,0
UNKNOWN,cuFFT,134217728,0.54,33,43.79,N/A,Table Not Found,0
UNKNOWN,cuFFT,134217728,0.54,34,42.63,N/A,Table Not Found,0
UNKNOWN,cuFFT,134217728,0.54,35,41.86,N/A,Table Not Found,0
UNKNOWN,cuFFT,134217728,0.54,36,43.25,N/A,Table Not Found,0
UNKNOWN,cuFFT,134217728,0.54,37,44.82,N/A,Table Not Found,0
UNKNOWN,cuFFT,134217728,0.54,38,44.54,N/A,Table Not Found,0
UNKNOWN,cuFFT,134217728,0.54,39,45.31,N/A,Table Not Found,0
UNKNOWN,cuFFT,134217728,0.54,40,44.98,N/A,Table Not Found,0
UNKNOWN,cuFFT,134217728,0.54,41,45.41,N/A,Table Not Found,0
UNKNOWN,cuFFT,134217728,0.54,42,42.18,N/A,Table Not Found,0
UNKNOWN,cuFFT,134217728,0.54,43,45.91,N/A,Table Not Found,0
UNKNOWN,cuFFT,134217728,0.54,44,44.53,N/A,Table Not Found,0
UNKNOWN,cuFFT,134217728,0.54,45,45.66,N/A,Table Not Found,0
UNKNOWN,cuFFT,134217728,0.54,46,46.26,N/A,Table Not Found,0
UNKNOWN,cuFFT,134217728,0.54,47,46.00,N/A,Table Not Found,0
UNKNOWN,cuFFT,134217728,0.54,48,42.05,N/A,Table Not Found,0
UNKNOWN,cuFFT,134217728,0.54,49,46.12,N/A,Table Not Found,0
UNKNOWN,cuFFT,134217728,0.54,50,45.91,N/A,Table Not Found,0
UNKNOWN,cuFFT,268435456,1.07,1,83.28,N/A,Table Not Found,0
UNKNOWN,cuFFT,268435456,1.07,2,84.36,N/A,Table Not Found,0
UNKNOWN,cuFFT,268435456,1.07,3,85.85,N/A,Table Not Found,0
UNKNOWN,cuFFT,268435456,1.07,4,86.82,N/A,Table Not Found,0
UNKNOWN,cuFFT,268435456,1.07,5,84.80,N/A,Table Not Found,0
UNKNOWN,cuFFT,268435456,1.07,6,84.81,N/A,Table Not Found,0
UNKNOWN,cuFFT,268435456,1.07,7,84.40,N/A,Table Not Found,0
UNKNOWN,cuFFT,268435456,1.07,8,85.90,N/A,Table Not Found,0
UNKNOWN,cuFFT,268435456,1.07,9,83.91,N/A,Table Not Found,0
UNKNOWN,cuFFT,268435456,1.07,10,86.95,N/A,Table Not Found,0
UNKNOWN,cuFFT,268435456,1.07,11,88.12,N/A,Table Not Found,0
UNKNOWN,cuFFT,268435456,1.07,12,83.53,N/A,Table Not Found,0
UNKNOWN,cuFFT,268435456,1.07,13,89.21,N/A,Table Not Found,0
UNKNOWN,cuFFT,268435456,1.07,14,83.66,N/A,Table Not Found,0
UNKNOWN,cuFFT,268435456,1.07,15,85.07,N/A,Table Not Found,0
UNKNOWN,cuFFT,268435456,1.07,16,85.06,N/A,Table Not Found,0
UNKNOWN,cuFFT,268435456,1.07,17,84.47,N/A,Table Not Found,0
UNKNOWN,cuFFT,268435456,1.07,18,83.09,N/A,Table Not Found,0
UNKNOWN,cuFFT,268435456,1.07,19,85.53,N/A,Table Not Found,0
UNKNOWN,cuFFT,268435456,1.07,20,84.79,N/A,Table Not Found,0
UNKNOWN,cuFFT,268435456,1.07,21,85.98,N/A,Table Not Found,0
UNKNOWN,cuFFT,268435456,1.07,22,83.48,N/A,Table Not Found,0
UNKNOWN,cuFFT,268435456,1.07,23,83.05,N/A,Table Not Found,0
UNKNOWN,cuFFT,268435456,1.07,24,83.09,N/A,Table Not Found,0
UNKNOWN,cuFFT,268435456,1.07,25,84.78,N/A,Table Not Found,0
UNKNOWN,cuFFT,268435456,1.07,26,88.36,N/A,Table Not Found,0
UNKNOWN,cuFFT,268435456,1.07,27,84.32,N/A,Table Not Found,0
UNKNOWN,cuFFT,268435456,1.07,28,84.53,N/A,Table Not Found,0
UNKNOWN,cuFFT,268435456,1.07,29,86.15,N/A,Table Not Found,0
UNKNOWN,cuFFT,268435456,1.07,30,86.56,N/A,Table Not Found,0
UNKNOWN,cuFFT,268435456,1.07,31,84.04,N/A,Table Not Found,0
UNKNOWN,cuFFT,268435456,1.07,32,83.18,N/A,Table Not Found,0
UNKNOWN,cuFFT,268435456,1.07,33,84.37,N/A,Table Not Found,0
UNKNOWN,cuFFT,268435456,1.07,34,85.26,N/A,Table Not Found,0
UNKNOWN,cuFFT,268435456,1.07,35,88.60,N/A,Table Not Found,0
UNKNOWN,cuFFT,268435456,1.07,36,83.99,N/A,Table Not Found,0
UNKNOWN,cuFFT,268435456,1.07,37,83.75,N/A,Table Not Found,0
UNKNOWN,cuFFT,268435456,1.07,38,83.48,N/A,Table Not Found,0
UNKNOWN,cuFFT,268435456,1.07,39,87.55,N/A,Table Not Found,0
UNKNOWN,cuFFT,268435456,1.07,40,83.85,N/A,Table Not Found,0
UNKNOWN,cuFFT,268435456,1.07,41,84.29,N/A,Table Not Found,0
UNKNOWN,cuFFT,268435456,1.07,42,85.42,N/A,Table Not Found,0
UNKNOWN,cuFFT,268435456,1.07,43,87.48,N/A,Table Not Found,0
UNKNOWN,cuFFT,268435456,1.07,44,86.08,N/A,Table Not Found,0
UNKNOWN,cuFFT,268435456,1.07,45,88.27,N/A,Table Not Found,0
UNKNOWN,cuFFT,268435456,1.07,46,85.22,N/A,Table Not Found,0
UNKNOWN,cuFFT,268435456,1.07,47,87.09,N/A,Table Not Found,0
UNKNOWN,cuFFT,268435456,1.07,48,83.83,N/A,Table Not Found,0
UNKNOWN,cuFFT,268435456,1.07,49,85.31,N/A,Table Not Found,0
UNKNOWN,cuFFT,268435456,1.07,50,84.85,N/A,Table Not Found,0
